{"cameraMode":{"drawMode":0,"name":"Shaded","section":"Shading Mode"},"sceneLighting":false,"audioPlay":false,"sceneViewState":{"m_AlwaysRefresh":false,"showFog":false,"showSkybox":false,"showFlares":false,"showImageEffects":false,"showParticleSystems":false,"showVisualEffectGraphs":true,"m_FxEnabled":true},"in2DMode":false,"pivot":{"x":0.0795300304889679,"y":1.4535105228424073,"z":-0.1254478394985199},"rotation":{"x":0.00373316858895123,"y":-0.9847218990325928,"z":-0.021274911239743234,"w":-0.17279167473316194},"size":0.6421096324920654,"orthographic":false}