{"cameraMode":{"drawMode":0,"name":"Shaded","section":"Shading Mode"},"sceneLighting":false,"audioPlay":false,"sceneViewState":{"m_AlwaysRefresh":false,"showFog":false,"showSkybox":false,"showFlares":false,"showImageEffects":false,"showParticleSystems":false,"showVisualEffectGraphs":true,"m_FxEnabled":true},"in2DMode":false,"pivot":{"x":0.5964398980140686,"y":2.642665147781372,"z":3.6038405895233156},"rotation":{"x":-0.004442689474672079,"y":0.9880781173706055,"z":-0.15116305649280549,"w":-0.029042452573776246},"size":0.15123946964740754,"orthographic":false}