{"cameraMode":{"drawMode":0,"name":"Shaded","section":"Shading Mode"},"sceneLighting":false,"audioPlay":false,"sceneViewState":{"m_AlwaysRefresh":false,"showFog":false,"showSkybox":false,"showFlares":false,"showImageEffects":false,"showParticleSystems":false,"showVisualEffectGraphs":true,"m_FxEnabled":true},"in2DMode":false,"pivot":{"x":-0.4295128583908081,"y":1.3446605205535889,"z":0.1504458785057068},"rotation":{"x":-0.13911139965057374,"y":0.45946645736694338,"z":-0.07311694324016571,"w":-0.8741864562034607},"size":1.7068884372711182,"orthographic":false}