{"cameraMode":{"drawMode":0,"name":"Shaded","section":"Shading Mode"},"sceneLighting":false,"audioPlay":false,"sceneViewState":{"m_AlwaysRefresh":false,"showFog":false,"showSkybox":false,"showFlares":false,"showImageEffects":true,"showParticleSystems":false,"showVisualEffectGraphs":false,"m_FxEnabled":false},"in2DMode":false,"pivot":{"x":-5.050000190734863,"y":1.7776824235916138,"z":11.210000991821289},"rotation":{"x":0.12138150632381439,"y":-0.10698293894529343,"z":0.013161764480173588,"w":0.9867398738861084},"size":2.6109888553619386,"orthographic":false}