{"cameraMode":{"drawMode":0,"name":"Shaded","section":"Shading Mode"},"sceneLighting":false,"audioPlay":false,"sceneViewState":{"m_AlwaysRefresh":false,"showFog":false,"showSkybox":false,"showFlares":false,"showImageEffects":false,"showParticleSystems":false,"showVisualEffectGraphs":true,"m_FxEnabled":true},"in2DMode":false,"pivot":{"x":0.04320115968585014,"y":1.305964708328247,"z":-0.2849702835083008},"rotation":{"x":-0.007817203179001809,"y":-0.9896255731582642,"z":0.13078826665878297,"w":-0.059154413640499118},"size":0.6510347127914429,"orthographic":false}