{"cameraMode":{"drawMode":0,"name":"Shaded","section":"Shading Mode"},"sceneLighting":false,"audioPlay":false,"sceneViewState":{"m_AlwaysRefresh":false,"showFog":false,"showSkybox":false,"showFlares":false,"showImageEffects":false,"showParticleSystems":false,"showVisualEffectGraphs":true,"m_FxEnabled":true},"in2DMode":false,"pivot":{"x":-0.1097884327173233,"y":1.8486387729644776,"z":-3.2297744750976564},"rotation":{"x":-0.0013117976486682892,"y":0.9947291016578674,"z":-0.10181587934494019,"w":-0.012792433612048626},"size":2.3176774978637697,"orthographic":false}