{"cameraMode":{"drawMode":0,"name":"Shaded","section":"Shading Mode"},"sceneLighting":false,"audioPlay":false,"sceneViewState":{"m_AlwaysRefresh":false,"showFog":true,"showSkybox":false,"showFlares":true,"showImageEffects":true,"showParticleSystems":true,"showVisualEffectGraphs":true,"m_FxEnabled":true},"in2DMode":false,"pivot":{"x":-0.022250860929489137,"y":0.669765830039978,"z":-0.28172755241394045},"rotation":{"x":-0.09660033136606217,"y":0.12303376942873001,"z":-0.012030955404043198,"w":-0.9876246452331543},"size":0.9218543171882629,"orthographic":false}