{"cameraMode":{"drawMode":1,"name":"Wireframe","section":"Shading Mode"},"sceneLighting":false,"audioPlay":false,"sceneViewState":{"m_AlwaysRefresh":false,"showFog":true,"showSkybox":false,"showFlares":true,"showImageEffects":true,"showParticleSystems":true,"showVisualEffectGraphs":true,"m_FxEnabled":true},"in2DMode":false,"pivot":{"x":0.001294211484491825,"y":0.0016834493726491929,"z":0.044891443103551868},"rotation":{"x":-0.09295623004436493,"y":0.8453944325447083,"z":-0.15645179152488709,"w":-0.5022165179252625},"size":0.00388852646574378,"orthographic":false}