{"cameraMode":{"drawMode":0,"name":"Shaded","section":"Shading Mode"},"sceneLighting":true,"audioPlay":false,"sceneViewState":{"m_AlwaysRefresh":true,"showFog":true,"showSkybox":false,"showFlares":true,"showImageEffects":true,"showParticleSystems":true,"showVisualEffectGraphs":true,"m_FxEnabled":true},"in2DMode":false,"pivot":{"x":-12.954878807067871,"y":21.033357620239259,"z":8.176071166992188},"rotation":{"x":-0.29644113779067995,"y":-0.20476393401622773,"z":0.06523021310567856,"w":-0.9305600523948669},"size":0.13336484134197236,"orthographic":false}