{"cameraMode":{"drawMode":0,"name":"Shaded","section":"Shading Mode"},"sceneLighting":false,"audioPlay":false,"sceneViewState":{"m_AlwaysRefresh":false,"showFog":false,"showSkybox":false,"showFlares":false,"showImageEffects":false,"showParticleSystems":false,"showVisualEffectGraphs":true,"m_FxEnabled":true},"in2DMode":false,"pivot":{"x":0.7680428624153137,"y":1.5761820077896119,"z":-0.13473579287528993},"rotation":{"x":0.0026052752509713175,"y":-0.9939569234848023,"z":0.10716121643781662,"w":0.02415464073419571},"size":0.38041791319847109,"orthographic":false}